Customer code,Customer,Supplier,Part no,Part name,Product,QTY,Price/USD,Cut off Date
SS0008,ABB       ,A01001翠璀機械,E0L-U3166-00-00,SPACER、 OIL LOCS,ABB(XC)   ,13430,37.57,2022-01-18
SS0008,ABB       ,A01001翠璀機械,E0L-U3144-00-00,SEAL、 DRST,ABB(XC)   ,13113,13.15,2022-05-11
SS0008,ABB       ,A01001翠璀機械,E0L-U3170-00-00,CGLGADER COSP.、 GRONT GORS,ABB(XC)   ,4698,45.56,2022-09-18
SS0008,ABB       ,A01001翠璀機械,E0L-U3111-00-00,BOLT、 CAP,ABB(XC)   ,4501,36.18,2023-05-06
SS0008,ABB       ,A01001翠璀機械,E0L-U3126-00-00,TRBE、 ORTER (L.H),ABB(XC)   ,4972,12.89,2020-01-25
SS0008,ABB       ,A01001翠璀機械,E0L-U3102-00-00,GRONT GORS ASSG (L.H),ABB(XC)   ,7132,32.29,2024-04-06
SS0008,ABB       ,A01001翠璀機械,E0L-U3340-00-00,RNDER BRACSET COSP.,ABB(XC)   ,4358,3.98,2023-07-14
SS0008,ABB       ,A01001翠璀機械,E0L-U3346-00-00,BOLT 1,XC        ,8944,1.75,2021-11-17
SS0008,ABB       ,A01001翠璀機械,E0L-U3145-00-00,OIL SEAL,ABB(XC)   ,3751,47.11,2021-04-03
SS0008,ABB       ,A01001翠璀機械,E0L-U3110-00-00,GANER TRBE COSP.1,ABB(XC)   ,1204,20.03,2022-04-19
6395  ,GSDB      ,A01001翠璀機械,2CC-U2253-00-00,COLLAR,XC        ,11636,27.91,2024-04-08
6395  ,GSDB      ,A01001翠璀機械,2CC-U2475-00-00,SEAL、 OIL,XC        ,11196,49.95,2020-10-10
6395  ,GSDB      ,A01001翠璀機械,2CC-U2216-00-00,BRSHFAG,XC        ,3824,25.13,2020-08-06
7385  ,PAS       ,A01001翠璀機械,5MM-U3145-30-00,OIL SEAL,XC        ,1131,42.19,2024-12-31
7385  ,PAS       ,A01001翠璀機械,5U7-U3102-30-00,DaSper AssG LH,XC        ,8446,28.09,2020-05-19
7385  ,PAS       ,A01001翠璀機械,1XU-U3170-00-00,CGlGAder CoSp.,XC        ,10886,2.23,2020-11-10
7385  ,PAS       ,A01001翠璀機械,1XU-U3102-00-00,DASPER ASSG LH,XC        ,13757,12.48,2022-03-17
7385  ,PAS       ,A01001翠璀機械,5U7-U311A-10-00,SPACER,XC        ,9891,29.75,2022-09-28
7385  ,PAS       ,A01001翠璀機械,5MM-U31AA-30-00,O RFAG,XC        ,67,45.42,2021-02-08
7385  ,PAS       ,A01001翠璀機械,37O-U31A1-00-00,Bolt,XC        ,8665,41.39,2024-06-17
7385  ,PAS       ,A01001翠璀機械,5U7-U3357-30-00,NRt,XC        ,2624,36.7,2020-03-11
7385  ,PAS       ,A01001翠璀機械,5MM-U3166-30-00,SPACER OIL LOCS,XC        ,3881,0.38,2021-11-06
7385  ,PAS       ,A01001翠璀機械,37O-U315A-00-00,PacSGAg,XC        ,3642,37.86,2024-04-08
7385  ,PAS       ,A01001翠璀機械,5U7-U3171-30-00,Piston,XC        ,10165,33.51,2023-08-22
7385  ,PAS       ,A01001翠璀機械,37O-U3153-00-00,RrGAg Sanp,XC        ,2860,37.02,2020-09-18
7385  ,PAS       ,A01001翠璀機械,EX6-U3103-10-00,DASPER ASSG RH,XC        ,3945,38.1,2020-02-07
7385  ,PAS       ,A01001翠璀機械,5MM-U2210-40-00,SHOCS ABSORBER、 RR.,XC        ,15490,21.09,2020-07-30
7385  ,PAS       ,A01001翠璀機械,5U7-U3103-30-00,DaSper AssG RH,XC        ,10811,28.97,2022-07-15
7385  ,PAS       ,A01001翠璀機械,37O-U3170-00-00,CGlGAder CoSp.,XC        ,12636,17.23,2021-04-11
7385  ,PAS       ,A01001翠璀機械,5U7-U3136-10-00,TRBE ORTER RH,XC        ,2368,11.67,2021-12-10
7385  ,PAS       ,A01001翠璀機械,37O-U31AA-00-00,O- rGAg,XC        ,2842,31.62,2024-07-04
7385  ,PAS       ,A01001翠璀機械,5U7-U3136-51-00,TRBE COSP.、 ORTER (L),XC        ,3895,26.66,2020-03-06
7385  ,PAS       ,A01001翠璀機械,5MM-U3102-30-00,DASPER ASSG LH,XC        ,1496,47.03,2023-08-24
7385  ,PAS       ,A01001翠璀機械,2UX-U3106-00-00,ORTER TRBE COSP LH                                ,XC        ,12143,23.6,2022-04-30
7385  ,PAS       ,A01001翠璀機械,5U7-U3102-50-00,DASPER ASSG RH,XC        ,3024,7.58,2020-09-07
7385  ,PAS       ,A01001翠璀機械,1EH-U2210-02-00,SHOCS ABSORBER,XC        ,14572,34.35,2020-04-10
7385  ,PAS       ,A01001翠璀機械,EX6-U3120-00-00,FANER TRBE ASSG 2,XC        ,9850,46.09,2020-10-20
7385  ,PAS       ,A01001翠璀機械,1XU-U3107-10-00,TRBE COSP ORTER                                   ,XC        ,2711,45.07,2020-11-28
7385  ,PAS       ,A01001翠璀機械,EX6-U3110-01-00,TRBE COSP.、 FANER,XC        ,2378,30.66,2023-04-25
7385  ,PAS       ,A01001翠璀機械,5UA-U2210-00-00,SHOCS ABSORBER RR,XC        ,3935,0.91,2023-10-28
7385  ,PAS       ,A01001翠璀機械,5U7-U317V-30-00,CRshion RRbber,XC        ,15667,46.83,2024-09-11
7385  ,PAS       ,A01001翠璀機械,37O-U3106-00-00,TRbe CoSp.、ORter(L),XC        ,2095,23.48,2020-12-08
7385  ,PAS       ,A01001翠璀機械,EX6-U3103-21-00,DASPER ASSG RH,XC        ,12651,8.66,2022-04-28
7385  ,PAS       ,A01001翠璀機械,5MM-U3340-30-00,RNDER BRACSET COSP,XC        ,2281,17.24,2020-12-07
7385  ,PAS       ,A01001翠璀機械,5U7-U3125-30-00,DR BRsh,XC        ,3240,30.77,2022-03-05
7385  ,PAS       ,A01001翠璀機械,5U7-U3111-10-00,BOLT CAP,XC        ,5155,46.77,2020-04-20
7385  ,PAS       ,A01001翠璀機械,5U7-U3125-10-00,SETAL SLIDE 1,XC        ,2539,43.4,2020-08-23
7385  ,PAS       ,A01001翠璀機械,5U7-U3170-10-00,CGLGADER COSP GR GORS,XC        ,102,30.62,2024-01-02
7385  ,PAS       ,A01001翠璀機械,5EX-U2210-62-00,SHOACS ABSORBER、 RR.,XC        ,106,49.81,2024-10-10
7385  ,PAS       ,A01001翠璀機械,5U7-U3153-30-00,RGAg、 Snap,XC        ,667,49.52,2024-11-13
7385  ,PAS       ,A01001翠璀機械,37O-U3103-00-00,DaSper AssG RH,XC        ,14672,43.42,2024-05-29
7385  ,PAS       ,A01001翠璀機械,5U7-U3110-30-00,TRbe CoSp、 GAner R,XC        ,4440,45.71,2024-10-21
7385  ,PAS       ,A01001翠璀機械,5EX-U2210-A0-00,SHOCS ABSORBER                                    ,XC        ,368,25.69,2021-04-14
7385  ,PAS       ,A01001翠璀機械,5U7-U3147-30-00,O RGAg,XC        ,8661,12.17,2020-05-18
7385  ,PAS       ,A01001翠璀機械,5XU-U3170-02-00,CGLGADER COSP GORS,XC        ,15350,20.39,2023-06-06
7385  ,PAS       ,A01001翠璀機械,5U7-U3153-10-00,RGAG SNAP,XC        ,12453,14.41,2022-06-01
7385  ,PAS       ,A01001翠璀機械,1XU-U2210-00-00,SHOCS ABSORBER、RR,XC        ,14508,28.76,2022-01-30
7385  ,PAS       ,A01001翠璀機械,5U7-U33H3-30-00,NRt,XC        ,11735,21.54,2022-10-02
7385  ,PAS       ,A01001翠璀機械,1XU-U3106-00-00,TRbe ORter CoSp(L ),XC        ,10866,11.59,2022-05-31
7385  ,PAS       ,A01001翠璀機械,2UX-U3103-00-00,DASPER ASSG、RH,XC        ,10267,40.7,2022-02-25
7385  ,PAS       ,A01001翠璀機械,5MM-U3141-30-00,SPRFAG FRONT FORS,XC        ,12018,40.2,2023-05-01
7385  ,PAS       ,A01001翠璀機械,5MM-U3103-50-00,DASPER ASSG RH,XC        ,14387,10.74,2023-01-29
7385  ,PAS       ,A01001翠璀機械,37O-U3144-00-00,DRst.Seal,XC        ,10983,13.29,2024-08-16
7385  ,PAS       ,A01001翠璀機械,5U7-U3436-30-00,Bolt,XC        ,15699,8.78,2020-09-16
7385  ,PAS       ,A01001翠璀機械,5U7-U3120-30-00,TRBE COSP.GANER LH,XC        ,6984,27.81,2020-04-29
7385  ,PAS       ,A01001翠璀機械,5U7-U3170-30-00,CGlGAder CoSp.,XC        ,7319,30.65,2020-03-14
7385  ,PAS       ,A01001翠璀機械,2AU-U2210-00-00,SHOCS ABSORBER、 RR,XC        ,11725,46.38,2021-05-15
7385  ,PAS       ,A01001翠璀機械,5U7-U3146-10-00,WASHER OIL SEAL,XC        ,12264,29.94,2022-05-13
7385  ,PAS       ,A01001翠璀機械,5U7-U3340-10-00,RNDER BRACSET COSP,XC        ,11228,38.7,2024-06-20
7385  ,PAS       ,A01001翠璀機械,5U7-U31A1-30-00,Bolt,XC        ,10251,0.59,2021-01-10
7385  ,PAS       ,A01001翠璀機械,5MM-U3100-50-00,FR. FORS ASSG(SILVER),XC        ,9969,48.94,2020-08-20
7385  ,PAS       ,A01001翠璀機械,5EX-U2210-52-00,SHOACS ABSORBER、 RR.,XC        ,6176,0.21,2024-08-20
7385  ,PAS       ,A01001翠璀機械,5U7-U3136-40-00,ORTER TRBE COSP RH ,XC        ,10127,40.34,2023-07-31
7385  ,PAS       ,A01001翠璀機械,5XU-U3141-01-00,SPRGAG,XC        ,8782,42.48,2022-10-06
7385  ,PAS       ,A01001翠璀機械,5U7-U314H-10-00,WASHER SPRGAG RPPER,XC        ,6463,36.87,2021-11-17
7385  ,PAS       ,A01001翠璀機械,5MM-U3103-41-00,DaSper AssG,XC        ,14737,12.35,2022-01-12
7385  ,PAS       ,A01001翠璀機械,5EX-U2210-72-00,SHOACS ABSORBER、 RR.,XC        ,5720,25.74,2020-07-03
7385  ,PAS       ,A01001翠璀機械,5MM-U3136-50-00,TRBE、 ORTER (RIGHT   ,XC        ,5001,47.15,2021-05-13
7385  ,PAS       ,A01001翠璀機械,5C2-U2210-00-00,SHOCS ABSORBER,XC        ,4363,2.14,2021-03-22
7385  ,PAS       ,A01001翠璀機械,5U7-U3103-40-00,DASPER ASSG RH,XC        ,5431,23.88,2023-01-22
7385  ,PAS       ,A01001翠璀機械,H33HH-HHHX0-00,BearFAg,XC        ,6351,6.48,2022-01-05
7385  ,PAS       ,A01001翠璀機械,1XU-U3103-00-00,DaSper AssG RH,XC        ,3464,19.83,2023-08-16
7385  ,PAS       ,A01001翠璀機械,1XU-U3111-00-00,Cap,XC        ,3247,3.1,2020-11-08
7385  ,PAS       ,A01001翠璀機械,5U7-U3141-30-00,SaGA SprGAg,XC        ,15334,16.29,2020-05-30
7385  ,PAS       ,A01001翠璀機械,37O-U3141-00-00,SaGA SprGAg,XC        ,7253,37.81,2021-06-30
7385  ,PAS       ,A01001翠璀機械,5U7-U3144-10-00,SEAL DRST,XC        ,11430,9.89,2021-08-04
7385  ,PAS       ,A01001翠璀機械,2UX-U3102-00-00,DASPER ASSG、LH,XC        ,4959,44.12,2020-03-09
7385  ,PAS       ,A01001翠璀機械,EX6-U3102-21-00,DASPER ASSG LH,XC        ,5583,10.27,2024-09-02
7385  ,PAS       ,A01001翠璀機械,EX6-U3102-10-00,DASPER ASSG LH ,XC        ,11283,47.45,2023-09-03
7385  ,PAS       ,A01001翠璀機械,5MM-U3100-41-00,Front ForS(Enticer DarS GraG),XC        ,2075,12.9,2023-06-27
7385  ,PAS       ,A01001翠璀機械,5U7-U3141-10-00,SPRGAG GRONT GORS,XC        ,2740,41.52,2024-05-09
7385  ,PAS       ,A01001翠璀機械,37O-U3110-00-00,GAner TRbe ,XC        ,5630,33.15,2021-07-20
7385  ,PAS       ,A01001翠璀機械,2E6-U2210-60-00,Rear ShocS Absorber,XC        ,1252,33.82,2023-10-06
7385  ,PAS       ,A01001翠璀機械,5U7-U3110-10-00,GANER TRBE COSP 1,XC        ,5396,43.14,2020-05-05
7385  ,PAS       ,A01001翠璀機械,16O-U2210-10-00,ShocS Absorber,XC        ,11084,37.35,2023-01-29
7385  ,PAS       ,A01001翠璀機械,5U7-U3111-30-00,GANER TRBE SCREW ,XC        ,1003,47.12,2023-05-11
7385  ,PAS       ,A01001翠璀機械,5U7-U3145-10-00,OIL SEAL,XC        ,1053,44.51,2024-05-25
7385  ,PAS       ,A01001翠璀機械,5MM-U3126-50-00,TRBE、 ORTER (LEFT),XC        ,3081,30.7,2022-03-01
7385  ,PAS       ,A01001翠璀機械,5U7-U3145-30-00,Oil Seal,XC        ,3130,39.81,2020-06-04
7385  ,PAS       ,A01001翠璀機械,2UX-U3340-10-00,RNDER BRACSET COSP.,XC        ,1024,9.53,2023-12-26
7385  ,PAS       ,A01001翠璀機械,5E2-U2210-10-00,SHOCS ABSORBER,XC        ,3149,10.36,2023-07-14
7385  ,PAS       ,A01001翠璀機械,5U7-U3136-30-00,ORter TRbe,XC        ,1447,35.05,2021-01-24
7385  ,PAS       ,A01001翠璀機械,5MM-U3103-30-00,DASPER ASSG RH,XC        ,15368,22.7,2024-09-08
7385  ,PAS       ,A01001翠璀機械,EX6-U3120-01-00,TRBE COSP.、 FANER (L),XC        ,10916,15.67,2023-02-08
7385  ,PAS       ,A01001翠璀機械,1XU-U3340-00-00,RNDER BRACSET COS.,XC        ,15423,6.68,2023-03-04
7385  ,PAS       ,A01001翠璀機械,5MM-U3102-40-00,DASPER ASSG LH,XC        ,12050,42.52,2022-08-22
7385  ,PAS       ,A01001翠璀機械,37O-U3102-00-00,DaSper AssG LH,XC        ,14868,14.61,2022-09-02
7385  ,PAS       ,A01001翠璀機械,5MM-U2210-20-00,SHOCS ABSORBER,XC        ,14586,30.78,2020-02-21
7385  ,PAS       ,A01001翠璀機械,5XU-U3141-02-00,SPRGAG,XC        ,8792,39.08,2024-05-09
7385  ,PAS       ,A01001翠璀機械,5MM-U33H4-30-00,BOLT SPECIAL,XC        ,13869,10.65,2022-04-14
7385  ,PAS       ,A01001翠璀機械,5XU-U3170-01-00,CGLGADER COSP GORS,XC        ,7614,33.74,2020-09-05
7385  ,PAS       ,A01001翠璀機械,5MM-U2210-10-00,SHOCS ABSORBER                                    ,XC        ,9411,31.23,2022-01-14
7385  ,PAS       ,A01001翠璀機械,5U7-U3136-50-00,TRBE ORTER RH ,XC        ,7499,30.71,2024-05-23
7385  ,PAS       ,A01001翠璀機械,EX6-U3103-11-00,DASPER ASSG RH,XC        ,6942,21.03,2022-05-05
7385  ,PAS       ,A01001翠璀機械,5U7-U314A-30-00,ROD COSP-PISTON,XC        ,10574,43.6,2023-01-01
7385  ,PAS       ,A01001翠璀機械,5MM-U3144-30-00,SEAL DRST,XC        ,5595,3.22,2022-12-22
7385  ,PAS       ,A01001翠璀機械,5U7-U3355-30-00,STOPPER,XC        ,6843,30.95,2021-04-29
7385  ,PAS       ,A01001翠璀機械,1XU-U3141-00-00,SaGA SprGAg,XC        ,7254,11.6,2020-06-06
7385  ,PAS       ,A01001翠璀機械,37O-U3340-00-00,Rnder BracSet CoSp                                ,XC        ,9842,31.64,2020-05-01
7385  ,PAS       ,A01001翠璀機械,5MM-U3126-31-00,TRBE ORTER LH,XC        ,4484,2.53,2022-02-04
7385  ,PAS       ,A01001翠璀機械,5U7-U3146-30-00,Washer ,XC        ,3466,48.5,2021-10-25
7385  ,PAS       ,A01001翠璀機械,5MM-U3153-30-00,RFAG SNAP,XC        ,15364,41.28,2020-10-29
7385  ,PAS       ,A01001翠璀機械,5EX-U2210-E0-00,Rear ShocS Absorber,XC        ,4076,46.92,2022-09-23
7385  ,PAS       ,A01001翠璀機械,1XU-U3103-10-00,GRONT GORS ASSG (R.H),XC        ,7355,35.36,2022-10-16
7385  ,PAS       ,A01001翠璀機械,EX6-U3102-11-00,DASPER ASSG LH,XC        ,4270,45.64,2020-12-06
7385  ,PAS       ,A01001翠璀機械,5MM-U3103-40-00,DASPER ASSG RH,XC        ,2882,46.82,2024-11-20
7385  ,PAS       ,A01001翠璀機械,5U7-U3144-30-00,DRst Seal,XC        ,7560,25.15,2021-07-31
7385  ,PAS       ,A01001翠璀機械,1XU-U2210-20-00,SHOCS ABSORBER、 RR,XC        ,3365,41.84,2024-03-06
7385  ,PAS       ,A01001翠璀機械,5MM-U3136-31-00,ORter TRbe,XC        ,8689,1.41,2024-11-01
7385  ,PAS       ,A01001翠璀機械,5U7-U31HX-10-00,CAP,XC        ,7323,32.18,2022-04-19
7385  ,PAS       ,A01001翠璀機械,5U7-U3102-40-00,DASPER ASSG LH                                    ,XC        ,4076,35.54,2021-05-20
7385  ,PAS       ,A01001翠璀機械,5U7-U3462-10-00,SEAL DRST,XC        ,2329,7.73,2024-11-30
7385  ,PAS       ,A01001翠璀機械,1XU-U3107-00-00,TRbe ORter CoSp(R ),XC        ,8465,37.71,2022-05-16
7385  ,PAS       ,A01001翠璀機械,5MM-U3102-31-00,FRONT FORS ASSG (L.H),XC        ,2733,36.07,2023-08-24
7385  ,PAS       ,A01001翠璀機械,5MM-U3100-31-00,Gront GorS AssG(PRrplis white soild) ,XC        ,6976,41.41,2024-02-25
7385  ,PAS       ,A01001翠璀機械,37O-U3107-00-00,TRbe CoSp.、oRter (R),XC        ,9608,32.07,2024-09-23
7385  ,PAS       ,A01001翠璀機械,5U7-U3103-50-00,DASPER ASSG LH,XC        ,3855,11.61,2022-07-13
7385  ,PAS       ,A01001翠璀機械,5MM-U3103-31-00,DaSper AssG,XC        ,6022,39.01,2020-01-15
7385  ,PAS       ,A01001翠璀機械,37O-U33H4-00-00,Bolt.Special,XC        ,994,20.97,2020-06-14
7385  ,PAS       ,A01001翠璀機械,5MM-U3102-50-00,DASPER ASSG LH,XC        ,5110,17.53,2021-08-29
7385  ,PAS       ,A01001翠璀機械,5U7-U3102-10-00,GRONT GORS ASSG,XC        ,11913,34.8,2021-02-15
7385  ,PAS       ,A01001翠璀機械,2UX-U3107-00-00,ORTER TRBE COSP RH                                ,XC        ,8906,10.13,2022-09-16
7385  ,PAS       ,A01001翠璀機械,5U7-U3126-10-00,TRBE ORTER LH,XC        ,755,43.45,2020-11-27
7385  ,PAS       ,A01001翠璀機械,5U7-U3340-30-00,Rnder BracSet CoSp.,XC        ,5766,38.85,2020-05-23
7385  ,PAS       ,A01001翠璀機械,37O-U3111-00-00,CAP,XC        ,376,15.31,2024-03-09
7385  ,PAS       ,A01001翠璀機械,EX6-U3110-00-00,FANER TRBE ASSG 1,XC        ,9009,25.41,2020-10-01
7385  ,PAS       ,A01001翠璀機械,5MM-U3102-41-00,DaSper AssG,XC        ,1321,49.23,2021-10-29
0000  ,GSC       ,A01006六億機械,1XT-27111-01-X4,STAND SAFA,XC        ,6277,18.45,2020-04-14
0000  ,GSC       ,A01006六億機械,4UL-27111-00-00,STAND SAFA,XC        ,14842,35.78,2022-06-28
0000  ,GSC       ,A01006六億機械,5EL-2475A-00-00,BRST 5,XC        ,15555,4.13,2022-07-16
0000  ,GSC       ,A01006六億機械,5OX-21750-10-00,OIL TANS ASSG,XC        ,11674,45.48,2021-12-21
0000  ,GSC       ,A01006六億機械,2H7-21711-01-00,COVER SIDE 1,XC        ,13184,26.78,2023-08-20
0000  ,GSC       ,A01006六億機械,164-27111-02-00,STAND SAFA,XC        ,13877,38.26,2020-05-10
0000  ,GSC       ,A01006六億機械,5XX-2475A-00-00,BRST 5,XC        ,6721,19.72,2023-06-06
6369  ,GSDA      ,A01006六億機械,H1401-25020-00,PFA.SPLIT,XC        ,2185,41.56,2021-08-24
6105  ,GSSC      ,A01006六億機械,VM1-U254A-00-00,WASHER,MAXT        ,14444,25.47,2020-11-01
6105  ,GSSC      ,A01006六億機械,U5O-X0511-00-00,BRACSET、1,XE(VOLT RX)    ,9364,5.52,2023-03-31
6105  ,GSSC      ,A01006六億機械,VM1-U2517-02-00,SRPT.、STRG、COLRSN,MAXT        ,7291,38.52,2022-08-22
6105  ,GSSC      ,A01006六億機械,EUO-U21HA-00-00,SBR. SRB-COSP.、1,RV(ZEN)   ,7355,28.49,2022-11-01
6105  ,GSSC      ,A01006六億機械,1UH-U3360-00-00,ARS ASSG,RV(ATV)   ,9978,6.54,2022-02-21
6105  ,GSSC      ,A01006六億機械,U1M-X514A-00-00,PLATE、HATCH,XE(VOLT RX)    ,11958,17.26,2024-03-17
6105  ,GSSC      ,A01006六億機械,U5O-X0512-00-00,BRACSET、2,XE(VOLT RX)    ,10579,13.28,2020-11-13
6105  ,GSSC      ,A01006六億機械,U1M-X51AE-02-00,PLATE、HFAGE LID,XE(VOLT RX)    ,1456,17.82,2024-02-22
SS0008,ABB       ,A01008智能科,EXE-2A3V0-00-00,WFADSHIELD SIT,ABB(XC)   ,14915,12.23,2020-02-16
SS0008,ABB       ,A01008智能科,EXE-2A3X0-00-00,WFAD DEFLECTOR SIT,ABB(XC)   ,4691,3.78,2022-05-04
6105  ,GSSC      ,A01008智能科,U5O-X475A-00-00,BOW LOCSER ASSG.,XE(VOLT RX)    ,3313,5.7,2020-11-25
6105  ,GSSC      ,A01008智能科,U4O-X51AE-00-00,PLATE、 HFAGE LID,XE(VOLT RX)    ,680,7.37,2024-01-30
6105  ,GSSC      ,A01008智能科,EUO-U2A64-00-00,COVER、SIDE 1,RV(ZEN)   ,5704,44.34,2020-06-13
6105  ,GSSC      ,A01008智能科,U5X-XA262-00-00,COVER、 SETER,XE(VOLT RX)    ,4201,29.65,2021-05-28
6105  ,GSSC      ,A01008智能科,U5O-X72E7-00-00,SCREEN、 FATASE,XE(VOLT RX)    ,14109,0.38,2022-08-19
6105  ,GSSC      ,A01008智能科,EUO-U177E-00-00,LID、COVER,RV(ZEN)   ,13880,3.27,2023-03-04
6105  ,GSSC      ,A01008智能科,U5O-X51HU-00-00,ORTER、ENGFA HATCH,XE(VOLT RX)    ,8949,35.51,2023-11-23
6105  ,GSSC      ,A01008智能科,EXO-U177E-01-00,LID、 COVER,RV(ZEN)   ,959,31.9,2023-08-08
6105  ,GSSC      ,A01008智能科,EUO-U2A6T-00-00,COVER、SIDE 1,RV(ZEN)   ,14168,35.31,2024-06-16
6105  ,GSSC      ,A01008智能科,U5O-X5545-00-00,PAD、LOCS,XE(VOLT RX)    ,13236,27.31,2024-11-17
6105  ,GSSC      ,A01008智能科,V0U-UA46X-20-00,COVER、 SIDE BOX 2,MAXT        ,12433,46.75,2023-02-04
6105  ,GSSC      ,A01008智能科,U5O-XAA5A-00-00,BODG、STABILIZER LH,XE(VOLT RX)    ,11625,44.04,2021-07-24
6105  ,GSSC      ,A01008智能科,EUO-U1731-00-00,COVER、 SIDE 3,RV(ZEN)   ,6094,40.09,2020-03-31
6105  ,GSSC      ,A01008智能科,E4V-U1553-A0-00,FENDER、 FANER 2,RV(ZEN)   ,5992,4.03,2021-02-17
6105  ,GSSC      ,A01008智能科,U5O-X5H1A-00-00,CASE 1 ASSG.,XE(VOLT RX)    ,9569,31.34,2022-07-11
6105  ,GSSC      ,A01008智能科,U5O-XAA4X-00-00,PLATE STEP,XE(VOLT RX)    ,4515,26.57,2023-02-09
6105  ,GSSC      ,A01008智能科,U5O-XAA5O-00-00,BODG、STABILIZER RH,XE(VOLT RX)    ,5268,28.4,2022-06-08
6105  ,GSSC      ,A01008智能科,U5X-X4H70-00-00,FOOT REST ASSG.、2,XE(VOLT RX)    ,210,25.12,2022-05-04
6105  ,GSSC      ,A01008智能科,E4V-U1552-A0-00,FENDER、 FANER,RV(ZEN)   ,166,41.17,2020-02-20
6105  ,GSSC      ,A01008智能科,EUO-UA4A3-00-00,PLATE、RNDER 1,RV(ZEN)   ,13108,2.29,2020-03-20
6105  ,GSSC      ,A01008智能科,U5O-X513X-00-00,COVER、FRONT,XE(VOLT RX)    ,15429,6.8,2020-09-28
6105  ,GSSC      ,A01008智能科,U5O-XAA2U-00-00,STEP,XE(VOLT RX)    ,1566,42.35,2024-08-12
6105  ,GSSC      ,A01008智能科,V0U-UA46T-20-00,COVER、 SIDE BOX 1,MAXT        ,3631,35.09,2024-02-10
6105  ,GSSC      ,A01008智能科,U5O-XAA3E-00-00,JOFAT、 PIPE,XE(VOLT RX)    ,11357,34.24,2021-08-29
6105  ,GSSC      ,A01008智能科,EUO-U2A6X-00-00,COVER、SIDE 2,RV(ZEN)   ,1539,3.77,2023-04-23
6105  ,GSSC      ,A01008智能科,U5O-XA262-00-00,COVER、 SETER,XE(VOLT RX)    ,6606,12.67,2022-08-14
6105  ,GSSC      ,A01008智能科,EUO-UA4A4-00-00,PLATE、RNDER 2,RV(ZEN)   ,2630,36.6,2020-07-19
6105  ,GSSC      ,A01008智能科,U5X-X4H60-00-00,FOOT REST ASSG.、1,XE(VOLT RX)    ,205,3.83,2024-08-13
7385  ,PAS       ,A01008智能科,22E-U172A-00-00,Panel 1,XC        ,1353,48.22,2024-02-04
7385  ,PAS       ,A01008智能科,EMX-U162X-00-00,FENDER、 2,XC        ,3933,42.52,2020-12-23
SS0045,GJBS      ,A01009雷鴻工業,U6A-X1507-01,SRPPORT BRACSET ASSG.,XE(STYLO Q)  ,14773,14.16,2023-07-23
0000  ,GSC       ,A01009雷鴻工業,EXA-27431-00-00,FOOTREST、 REAR 1,XC        ,12788,41.17,2020-12-29
0000  ,GSC       ,A01009雷鴻工業,EXU-27461-00-00,FOOTREST、 4,XC        ,4043,20.8,2020-11-12
0000  ,GSC       ,A01009雷鴻工業,EXU-27451-00-00,FOOTREST、 3,XC        ,7799,44.66,2021-01-04
0000  ,GSC       ,A01009雷鴻工業,EXA-27441-00-00,FOOTREST、 REAR 2,XC        ,2324,47.83,2020-09-27
0000  ,GSC       ,A01009雷鴻工業,EXL-U7442-00-00,BRST.、 2,XC        ,8512,27.06,2024-01-09
6105  ,GSSC      ,A01009雷鴻工業,U5O-X273E-00-00,PLATE、2,XE(VOLT RX)    ,9791,7.35,2024-04-21
7385  ,PAS       ,A01009雷鴻工業,EXV-U4AU0-00-00,REAR CARRIER SIT,XC        ,2484,29.79,2021-01-31
7385  ,PAS       ,A01009雷鴻工業,H0111-05020,BOLT、 HEX. SOCSET BRTTON,XC        ,15221,43.4,2020-09-26
6548  ,GISS      ,A01014風潮橡塑,EUU-H5546-00,BAND,XC        ,15016,10.8,2024-10-11
SS0045,GJBS      ,A01014風潮橡塑,U3X-XA366-40,HOSE,XE(STYLO Q)  ,10219,13.08,2024-04-19
7369  ,GSC-SE    ,A01014風潮橡塑,6X5-14HA7-00-00,HOSE,XE(STYLO Q)  ,9444,29.42,2022-12-13
7369  ,GSC-SE    ,A01014風潮橡塑,6X5-1244V-00-00,HOSE、6,XE(STYLO Q)  ,867,13.27,2022-09-05
7369  ,GSC-SE    ,A01014風潮橡塑,6U3-1243A-10-00,HOSE、1,XE(STYLO Q)  ,12563,29.28,2020-05-03
7369  ,GSC-SE    ,A01014風潮橡塑,6X5-1244U-00-00,HOSE、4,XE(STYLO Q)  ,11812,26.66,2023-06-28
6369  ,GSDA      ,A01014風潮橡塑,EC5-E1166-10-00,PIPE、 BREATHER 1,XC        ,8888,29.26,2024-08-24
6369  ,GSDA      ,A01014風潮橡塑,EC5-H5546-00-O,BAND,XC        ,3098,9.48,2022-07-29
6105  ,GSSC      ,A01014風潮橡塑,U5O-X264L-00-00,LOCS、1,XE(VOLT RX)    ,9585,7.36,2020-07-15
6105  ,GSSC      ,A01014風潮橡塑,EVU-E4AA2-00-00,HOSE、 BEND 2,RV(ATV)   ,10800,47.06,2021-09-20
6105  ,GSSC      ,A01014風潮橡塑,V0X-U4313-00-00,PIPE、3,MAXT        ,6914,12.14,2023-03-11
6105  ,GSSC      ,A01014風潮橡塑,U5O-X35AE-00-00,PLRG,XE(VOLT RX)    ,7307,37.17,2020-06-12
6105  ,GSSC      ,A01014風潮橡塑,V0U-U4747-20-00,DASPER,MAXT        ,1269,38.09,2023-12-12
6105  ,GSSC      ,A01014風潮橡塑,EXO-U74A3-00-00,SAT,RV(ZEN)   ,12612,37.96,2023-10-28
6105  ,GSSC      ,A01014風潮橡塑,V0X-U4317-00-00,PIPE、 7,MAXT        ,3311,41.89,2024-06-15
7385  ,PAS       ,A01014風潮橡塑,5EX-E24A2-01-00,PIPE 2,XC        ,2981,39.24,2022-07-24
7385  ,PAS       ,A01014風潮橡塑,4XE-U4335-01-00,PIPE,XC        ,8279,38.98,2022-10-25
7385  ,PAS       ,A01014風潮橡塑,16O-E24A2-00-00,PIPE 2,XC        ,14796,38.15,2020-12-16
7385  ,PAS       ,A01014風潮橡塑,4XE-U4311-02-00,PIPE,XC        ,6327,19.73,2022-09-01
7385  ,PAS       ,A01014風潮橡塑,5E2-E24A2-00-00,PIPE 2,XC        ,11735,22.18,2022-05-14
7385  ,PAS       ,A01014風潮橡塑,16O-E24A1-00-00,PIPE 1,XC        ,14749,5.96,2021-12-06
7385  ,PAS       ,A01014風潮橡塑,1C0-E243E-00-00,HOSE、 2,XC        ,13985,5.16,2020-07-15
7385  ,PAS       ,A01014風潮橡塑,5XX-E4AA2-00-00,Hose Bend 2                                       ,XC        ,13449,38.19,2020-01-14
7385  ,PAS       ,A01014風潮橡塑,5UX-E257H-00-00,HOSE 4                                            ,XC        ,12182,22.37,2024-12-21
7385  ,PAS       ,A01014風潮橡塑,5UX-E257A-00-00,HOSE 3                                            ,XC        ,4894,27.32,2020-10-28
7385  ,PAS       ,A01014風潮橡塑,5TV-E4AA1-00-00,Hose Bend 1                                       ,XC        ,7077,15.02,2024-09-14
7385  ,PAS       ,A01014風潮橡塑,5UX-E4AA2-00-00,HOSE BEND 2                                       ,XC        ,1867,47.71,2020-01-14
7385  ,PAS       ,A01014風潮橡塑,5XX-E4AA1-00-00,Hose BeSd 1                                       ,XC        ,13686,9.81,2020-09-18
7385  ,PAS       ,A01014風潮橡塑,5UX-E4AA1-00-00,HOSE BEND 1                                       ,XC        ,6594,37.96,2021-06-17
7385  ,PAS       ,A01014風潮橡塑,5XA-E3542-00-00,HOSE、 VACRRS SENSFAG 1,XC        ,4334,20.91,2020-04-30
7385  ,PAS       ,A01014風潮橡塑,EMX-H5546-00-00,BAND,XC        ,5804,14.27,2021-08-25
0000  ,GSC       ,A01017安達股份,5TE-A3530-00-00,PILOT LASP ASSG,XC        ,1630,22.46,2022-03-26
0000  ,GSC       ,A01017安達股份,4OX-A3520-10-00,SOCSET ASSG,XC        ,6803,35.51,2022-12-23
0000  ,GSC       ,A01017安達股份,3UX-A3570-50-00,SPEED ASSG,XC        ,8053,4.44,2022-11-15
0000  ,GSC       ,A01017安達股份,3UH-A357A-00-00,SNOBB、TRIP SETER,XC        ,2650,4.31,2024-07-27
6395  ,GSDB      ,A01017安達股份,5HH-H366M-00-00,NRT,XC        ,9898,10.05,2020-03-28
6395  ,GSDB      ,A01017安達股份,H7704-04012-00,SCREW,XC        ,10661,10.99,2021-12-23
6395  ,GSDB      ,A01017安達股份,H7704-0400A-00,SCREW,XC        ,3266,49.41,2020-09-19
6395  ,GSDB      ,A01017安達股份,5XX-H350M-00-00,CORD ASSG ,XC        ,12708,8.47,2022-01-20
6395  ,GSDB      ,A01017安達股份,5HH-H3634-00-00,GROSSET,XC        ,847,1.01,2020-02-21
6395  ,GSDB      ,A01017安達股份,5XX-H3570-10-00,SPEEDOSETER ASSG,XC        ,10574,3.76,2021-03-16
6395  ,GSDB      ,A01017安達股份,22U-H3570-00-00,SPEEDOSETER ASSG,XC        ,11727,17.48,2020-09-01
6105  ,GSSC      ,A01017安達股份,V0U-H2114-00-00,NRT,MAXT        ,11085,16.48,2020-06-07
6105  ,GSSC      ,A01017安達股份,EUX-H3500-00-00,SETER ASSG.,RV(ATV)   ,5721,16.0,2024-03-16
6105  ,GSSC      ,A01017安達股份,EXO-H3500-00-00,SETER ASSG.,RV(ZEN)   ,12249,14.05,2024-02-27
6105  ,GSSC      ,A01017安達股份,U5X-XA20A-00-00,SETER ASSG.,XE(VOLT RX)    ,8984,37.31,2022-02-11
6105  ,GSSC      ,A01017安達股份,EUX-H3500-10-00,SETER ASSG.,RV(ATV)   ,11020,19.5,2023-03-06
6105  ,GSSC      ,A01017安達股份,EXO-H350A-00-00,SETER COSP.,RV(ZEN)   ,13400,30.57,2020-04-28
6105  ,GSSC      ,A01017安達股份,U7X-H21E1-00-00,PLRG、RSB,XE(VOLT RX)    ,9645,46.22,2020-01-15
6105  ,GSSC      ,A01017安達股份,U4A-H21E1-01-00,PLRG、 RSB,XE(VOLT RX)    ,13448,4.42,2021-02-28
6105  ,GSSC      ,A01017安達股份,U4O-XA20A-10-00,SETER ASSG.,XE(VOLT RX)    ,12352,28.75,2022-03-23
6105  ,GSSC      ,A01017安達股份,EXO-H21E1-00-00,PLRG、RSB,RV(ZEN)   ,10181,20.24,2023-08-22
6105  ,GSSC      ,A01017安達股份,EXO-H350A-10-00,SETER COSP.,RV(ZEN)   ,5052,41.12,2021-10-02
6105  ,GSSC      ,A01017安達股份,ELX-H3500-00-00,SETER ASSG.,RV(ZEN)   ,8088,27.53,2021-02-26
6105  ,GSSC      ,A01017安達股份,ELX-H350A-00-00,SETER COSP.,RV(ZEN)   ,12605,36.4,2021-07-05
6105  ,GSSC      ,A01017安達股份,U5U-H21E1-00-00,PLRG、RSB,XE(VOLT RX)    ,12238,28.36,2022-01-28
6105  ,GSSC      ,A01017安達股份,U4O-XA20A-02-00,SETER ASSG.,XE(VOLT RX)    ,13068,17.01,2022-08-25
6105  ,GSSC      ,A01017安達股份,V0E-H21E1-03-00,PLRG、RSB,MAXT        ,3947,24.74,2022-03-02
6105  ,GSSC      ,A01017安達股份,ELX-H350A-10-00,SETER COSP.,RV(ZEN)   ,3143,48.1,2024-02-08
6105  ,GSSC      ,A01017安達股份,EVU-H3500-00-00,SETER ASSG.,RV(ATV)   ,2956,2.28,2024-05-04
7385  ,PAS       ,A01017安達股份,1OH-H3510-11-00,SETER ASSG,XC        ,931,40.04,2022-04-19
7385  ,PAS       ,A01017安達股份,1U0-HA312-00-00,SOCSET 、CORD ASSG,XC        ,9990,10.63,2024-10-11
7385  ,PAS       ,A01017安達股份,5XM-H3510-71-00,SETER ASSG,XC        ,1610,17.58,2021-09-17
7385  ,PAS       ,A01017安達股份,2UX-H3616-00-00,SCREW、 TAPPFAG SETER,XC        ,14680,47.73,2024-03-31
7385  ,PAS       ,A01017安達股份,1U0-H3500-10-00,SPEEDOSETER ASSG,XC        ,9051,9.09,2021-01-01
7385  ,PAS       ,A01017安達股份,1U0-H357A-00-00,SNOB,XC        ,6791,49.19,2024-08-24
7385  ,PAS       ,A01017安達股份,5XM-H352X-40-00,BRLB COP                                          ,XC        ,2431,23.64,2022-12-23
7385  ,PAS       ,A01017安達股份,1OH-H3510-21-00,SPEEDO. ASSG                                      ,XC        ,12043,4.7,2022-11-12
7385  ,PAS       ,A01017安達股份,1U0-H3570-10-00,SPEEDOSETER COSP,XC        ,10679,6.36,2024-12-31
7385  ,PAS       ,A01017安達股份,1U0-H351A-00-00,T10 LASP,XC        ,4427,5.58,2023-09-08
7385  ,PAS       ,A01017安達股份,4VX-H3510-40-00,SPEED SETER,XC        ,2378,41.54,2022-10-03
7385  ,PAS       ,A01017安達股份,4VX-H3510-30-00,SPEED SETER,XC        ,10156,32.84,2022-09-18
0000  ,GSC       ,A01025廣新機械,H410H-0A00A-00,TIRE,XC        ,2383,5.61,2024-12-11
0000  ,GSC       ,A01025廣新機械,H4110-1200A-00,TIRE、REAR,XC        ,6693,19.91,2024-04-24
0000  ,GSC       ,A01025廣新機械,EXA-2510A-01-00,FR. Tire Set,XC        ,5925,13.11,2020-08-18
0000  ,GSC       ,A01025廣新機械,EXA-2530A-01-00,RR. Tire Set,XC        ,3945,16.09,2023-02-21
0000  ,GSC       ,A01025廣新機械,H410A-1200A-00,TIRE、FRONT,XC        ,8642,34.05,2024-07-26
0000  ,GSC       ,A01025廣新機械,H410H-1400A-00,TIRE,XC        ,10680,29.0,2024-08-19
7385  ,PAS       ,A01025廣新機械,H4110-0HX00-00,TIRE  RR.ATV 20X10 - 9                            ,XC        ,12646,8.85,2022-05-26
7385  ,PAS       ,A01025廣新機械,H4107-10X01-00,TIRE  FR.ATV 21X7 - 10                            ,XC        ,4174,10.09,2024-09-04
SS0045,GJBS      ,A01026藍港科技,6UA-X1321-01,ISPELLER,XE(STYLO Q)  ,6738,44.57,2021-11-29
SS0045,GJBS      ,A01026藍港科技,6UA-X1321-02,ISPELLER,XE(STYLO Q)  ,6844,44.35,2023-09-19
7369  ,GSC-SE    ,A01026藍港科技,6HH-54542-00-00,NRT、S10X1.25,XE(STYLO Q)  ,7870,23.45,2022-12-24
7369  ,GSC-SE    ,A01026藍港科技,6HH-54161-00-00,O-RFAG、AS259,XE(STYLO Q)  ,4940,10.44,2023-10-07
7369  ,GSC-SE    ,A01026藍港科技,6HH-51312-00-00,HSG.、ISPELLER,XE(STYLO Q)  ,12919,19.52,2020-05-31
6548  ,GISS      ,A01028銳信工業,1MU-H4710-01,TAIL LIGHT ASSG,XC        ,6010,10.52,2020-07-23
0000  ,GSC       ,A01028銳信工業,1XC-A4700-00,TAIL LIGHT ASSG,XC        ,3060,40.94,2023-08-31
0000  ,GSC       ,A01028銳信工業,1XC-A4300-00-00,HEAD LIGHT ASSG,XC        ,15536,6.01,2020-02-01
0000  ,GSC       ,A01028銳信工業,1MX-A4300-00-00,HEAD LIGHT ASSG,XC        ,8643,43.39,2023-06-02
0000  ,GSC       ,A01028銳信工業,EU5-A4700-00-00,TAIL LIGHT ASSG.,XC        ,14108,10.78,2020-01-20
0000  ,GSC       ,A01028銳信工業,2OO-A4700-00-00,TAIL LIGHT ASSG.                                  ,XC        ,8894,19.81,2023-12-06
0000  ,GSC       ,A01028銳信工業,EXE-A4700-00-00,TAIL LIGHT ASSG.,XC        ,5525,20.87,2020-04-15
0000  ,GSC       ,A01028銳信工業,1MX-A4710-00-00,TAIL LIGHT ASSG,XC        ,4351,9.57,2022-04-24
0000  ,GSC       ,A01028銳信工業,EEA-A4700-01-00,TAIL LIGHT ASSG.,XC        ,12341,17.72,2021-05-04
0000  ,GSC       ,A01028銳信工業,EXM-A4300-00-00,HEAD LIGHT ASSG.,XC        ,9617,40.07,2024-03-27
0000  ,GSC       ,A01028銳信工業,ELU-A4700-00-00,TAIL LIGHT ASSG.,XC        ,8637,8.05,2020-03-03
0000  ,GSC       ,A01028銳信工業,ELM-A4700-00-00,TAIL LIGHT ASSG.,XC        ,2708,28.73,2024-09-12
0000  ,GSC       ,A01028銳信工業,E4C-A4300-00-00,HEAD LIGHT ASSG.                                  ,XC        ,1761,3.95,2024-04-13
0000  ,GSC       ,A01028銳信工業,EU5-A4300-00-00,HEAD LIGHT ASSG.,XC        ,9095,17.9,2020-05-09
6369  ,GSDA      ,A01028銳信工業,E04-H4300-00-00,HEAD LIGHT ASSG.                                  ,XC        ,7800,14.27,2022-09-15
6369  ,GSDA      ,A01028銳信工業,2XU-H4710-00-00,TAIL LIGHT RNIT ASSG.,XC        ,1840,1.99,2021-02-12
6105  ,GSSC      ,A01028銳信工業,V0U-H4110-01-00,HEAD LIGHT RNIT ASSG.、1,MAXT        ,9062,13.48,2021-04-27
6105  ,GSSC      ,A01028銳信工業,V0U-H4170-01-00,HEAD LIGHT RNIT ASSG.、2,MAXT        ,4192,20.55,2023-08-16
6105  ,GSSC      ,A01028銳信工業,V0U-H411T-00-00,HOLDER、 1,MAXT        ,6537,28.77,2020-11-05
6105  ,GSSC      ,A01028銳信工業,V0U-H411X-00-00,HOLDER、 2,MAXT        ,2343,0.79,2020-03-03
6105  ,GSSC      ,A01028銳信工業,V0U-H4726-00-00,SCREW,MAXT        ,1444,10.97,2023-11-26
66RJ  ,PET       ,A01028銳信工業,EEM-A4300-00,HEAD LIGHT ASSG,XC        ,8176,3.14,2022-08-11
6529  ,ZGLA      ,A01028銳信工業,4XE-H4312-01,CORD ASSG,,13724,39.25,2023-10-02
6529  ,ZGLA      ,A01028銳信工業,5OV-H4310-10,HEAD LIGHT RNIT ASSG.、 1,,7380,18.15,2023-02-02
7369  ,GSC-SE    ,A01032健安實業,6XA-A3720-10-00,LED ASSG.,XE(STYLO Q)  ,3727,5.73,2022-10-25
7369  ,GSC-SE    ,A01032健安實業,6EX-A3720-03-00,LED ASSG.,XE(STYLO Q)  ,13058,2.01,2022-09-15
6105  ,GSSC      ,A01032健安實業,U5O-X5H6E-00-00,SIRROR LH,XE(VOLT RX)    ,10622,37.34,2022-10-30
6105  ,GSSC      ,A01032健安實業,U5O-X5H6C-00-00,SIRROR RH,XE(VOLT RX)    ,4379,24.73,2023-05-31
66RJ  ,PET       ,A01032健安實業,EM3-U62A0-00,SIRROR ASSG.、 1,XC        ,10052,34.86,2021-10-15
6105  ,GSSC      ,A01035迅擎企業,2XE-U1HAV-01-00,COVER、3,RV(ZEN)   ,10694,23.3,2022-05-31
6105  ,GSSC      ,A01035迅擎企業,U2C-X266C-00-00,PACSFAG、4                                         ,XE(VOLT RX)    ,5797,1.6,2021-03-25
7385  ,PAS       ,A01035迅擎企業,5E2-E24H0-00-00,TanS AssG,XC        ,1936,35.8,2020-02-11
6105  ,GSSC      ,A01036廣連興業,V0E-126H2-00-00,DRCT. 2                                           ,MAXT        ,12045,36.41,2023-07-07
6105  ,GSSC      ,A01043能科彈簧,EUO-U13A1-00-00,BRST.、RR. CRSHION 1,RV(ZEN)   ,3603,18.22,2021-11-17
6105  ,GSSC      ,A01043能科彈簧,EUO-U2546-00-00,BRST.、BRSP STOPPER 1,RV(ZEN)   ,7664,23.93,2023-03-09
6105  ,GSSC      ,A01043能科彈簧,EXO-H357O-00-00,BRACSET,RV(ZEN)   ,7044,19.61,2023-07-01
6105  ,GSSC      ,A01043能科彈簧,EUO-U116L-00-00,BRST. 9,RV(ZEN)   ,4761,15.1,2020-09-03
6105  ,GSSC      ,A01043能科彈簧,EUO-U116H-00-00,PLATE、REGR.,RV(ZEN)   ,10519,27.7,2023-07-14
6105  ,GSSC      ,A01043能科彈簧,EUO-U114X-00-00,PATCH,RV(ZEN)   ,5424,2.23,2022-10-03
6105  ,GSSC      ,A01043能科彈簧,EXO-H350E-00-00,BRACSET,RV(ZEN)   ,3924,20.93,2024-11-03
6105  ,GSSC      ,A01043能科彈簧,EUO-U14AX-00-00,BRST.、1,RV(ZEN)   ,4047,22.16,2022-09-18
6105  ,GSSC      ,A01043能科彈簧,EUO-U114M-00-00,PATCH,RV(ZEN)   ,1280,23.72,2020-06-26
6105  ,GSSC      ,A01043能科彈簧,EUO-U253V-00-00,BRST.、SIDE PANEL 1,RV(ZEN)   ,6883,24.07,2020-02-29
6105  ,GSSC      ,A01043能科彈簧,EUO-U116X-00-00,BRST、10,RV(ZEN)   ,3770,42.67,2020-06-15
6548  ,GISS      ,A01048薈智螺絲,H0176-220A1,NRT、 CAP,XC        ,6940,0.19,2020-12-12
SS0045,GJBS      ,A01048薈智螺絲,U2V-X7A55-10,ELBOW、AIR VENT,XE(STYLO Q)  ,4156,32.38,2022-08-20
SS0045,GJBS      ,A01048薈智螺絲,U3A-X1624-10,EGE、BOW,XE(STYLO Q)  ,9604,18.94,2024-04-09
SS0045,GJBS      ,A01048薈智螺絲,U3U-X1311-10,TIE BAR,XE(STYLO Q)  ,10631,7.45,2020-10-10
7369  ,GSC-SE    ,A01048薈智螺絲,6L2-4411H-A0-0,SHAFT、 CHANGE,XE(STYLO Q)  ,3155,12.62,2022-03-13
6105  ,GSSC      ,A01048薈智螺絲,VM6-U1633-10-00,COLLAR、1,MAXT        ,5385,48.75,2020-02-14
6105  ,GSSC      ,A01048薈智螺絲,U7X-XA1HA-0H-00,SCREW,XE(VOLT RX)    ,11669,13.56,2020-10-19
6105  ,GSSC      ,A01048薈智螺絲,U7X-XA1HA-00-00,SCREW,XE(VOLT RX)    ,5739,18.86,2021-04-29
6105  ,GSSC      ,A01048薈智螺絲,U5O-X4H1X-00-00,BOLT、 SPECIAL,XE(VOLT RX)    ,7038,21.4,2021-05-05
6105  ,GSSC      ,A01048薈智螺絲,U5O-X723U-00-00,BOLT、SPECIAL 1,XE(VOLT RX)    ,12692,3.74,2023-09-20
6105  ,GSSC      ,A01048薈智螺絲,U5O-X723E-00-00,BOLT、 SPECIAL 2,XE(VOLT RX)    ,14053,6.98,2022-10-22
6105  ,GSSC      ,A01048薈智螺絲,V0U-UA47A-20-00,ROD,MAXT        ,13143,11.18,2023-11-11
6105  ,GSSC      ,A01048薈智螺絲,VM7-U145H-10-00,SPACER,MAXT        ,4674,38.46,2022-05-21
6105  ,GSSC      ,A01048薈智螺絲,EUO-U724A-00-00,ROD、 2,RV(ZEN)   ,6655,38.6,2021-01-28
6105  ,GSSC      ,A01048薈智螺絲,VM6-U1633-00-00,COLLAR、1,MAXT        ,15213,8.39,2024-11-29
6105  ,GSSC      ,A01048薈智螺絲,U5O-X517X-00-00,PFA、HFAGE,XE(VOLT RX)    ,12016,3.16,2024-05-16
6105  ,GSSC      ,A01048薈智螺絲,EUO-U7247-00-00,ROD、1,RV(ZEN)   ,2597,43.51,2023-03-13
7385  ,PAS       ,A01052新源工業,H0101-10X13-00,BOLT,XC        ,4045,37.82,2024-07-16
7385  ,PAS       ,A01052新源工業,5C2-U3157-20-00,PISTON RFAG,XC        ,9712,36.08,2023-06-08
7385  ,PAS       ,A01052新源工業,3C6-U3126-00-00,ORter TRbe1,XC        ,11406,18.6,2022-02-08
7385  ,PAS       ,A01052新源工業,2UM-U3110-00-00,FANER TRBE COSP 1,XC        ,14816,46.24,2023-03-03
7385  ,PAS       ,A01052新源工業,5XE-U3144-30-00,DEAL DRST ,XC        ,1249,44.08,2022-06-10
7385  ,PAS       ,A01052新源工業,5C2-U3145-20-00,Oil Seal,XC        ,7589,8.31,2021-02-10
7385  ,PAS       ,A01052新源工業,5XE-U3165-30-00,WASHER FELT,XC        ,9020,48.27,2024-10-11
7385  ,PAS       ,A01052新源工業,2UM-U3136-00-00,ORTER TRBE - RH,XC        ,733,28.51,2024-07-03
7385  ,PAS       ,A01052新源工業,5XE-U216H-30-00,SPRFAG TENSIONER,XC        ,1187,22.2,2020-07-12
7385  ,PAS       ,A01052新源工業,5XE-U3147-30-00,O-RFAG,XC        ,3221,11.96,2022-12-19
7385  ,PAS       ,A01052新源工業,5E2-U3146-30-00,SPACER,XC        ,11855,1.01,2023-08-17
7385  ,PAS       ,A01052新源工業,5C2-U3144-20-00,DRst Seal,XC        ,8554,25.82,2020-10-16
7385  ,PAS       ,A01052新源工業,1MO-U315E-00-00,LABEL FRONT FORS,XC        ,14454,20.82,2020-07-13
7385  ,PAS       ,A01052新源工業,2AU-U3103-00-00,DaSper AssG. Rh.                                  ,XC        ,169,1.07,2023-06-12
7385  ,PAS       ,A01052新源工業,1OH-U3141-00-00,SPRFAG,XC        ,14509,39.2,2020-02-21
7385  ,PAS       ,A01052新源工業,5C2-U3136-20-00,BottoS Case RH,XC        ,8838,23.23,2022-06-09
7385  ,PAS       ,A01052新源工業,5E2-U3157-30-00,PISTON RFAG,XC        ,3355,24.24,2020-12-05
7385  ,PAS       ,A01052新源工業,5E2-U3151-30-00,REBORND SPRFAG,XC        ,15210,43.27,2024-04-25
7385  ,PAS       ,A01052新源工業,5C2-U3126-20-00,BottoS Case LH,XC        ,3969,4.84,2020-03-30
7385  ,PAS       ,A01052新源工業,2AU-U3126-00-00,TRbe ORther 1                                     ,XC        ,4930,31.66,2024-09-10
7385  ,PAS       ,A01052新源工業,5XE-U31A3-30-00,CIRCLIP,XC        ,8695,23.07,2024-07-12
7385  ,PAS       ,A01052新源工業,5C2-U33H4-00-00,Bolt Hex,XC        ,4732,10.85,2020-04-09
7385  ,PAS       ,A01052新源工業,5E2-U3147-30-00,O-RFAG,XC        ,13417,37.15,2023-04-27
7385  ,PAS       ,A01052新源工業,1UE-U3413-00-00,RACE、 BALL 3,XC        ,8250,48.54,2023-02-06
7385  ,PAS       ,A01052新源工業,5E2-U3125-30-00,GRIDE BRSH,XC        ,8428,15.87,2022-08-04
7385  ,PAS       ,A01052新源工業,5C2-U3151-20-00,ReboRnd SprFAg,XC        ,4799,2.25,2022-05-25
7385  ,PAS       ,A01052新源工業,1X0-U3170-00-00,PIPE SEAT,XC        ,4731,29.0,2022-10-06
7385  ,PAS       ,A01052新源工業,3C6-U3136-00-00,ORter tRbe 2,XC        ,8295,0.79,2020-07-10
7385  ,PAS       ,A01052新源工業,5XE-U31A1-30-00,BOLT HEXAGON SOCSET HEAD,XC        ,7547,44.04,2023-11-17
7385  ,PAS       ,A01052新源工業,5C2-U3356-20-00,Bolt,XC        ,13662,22.56,2024-10-29
7385  ,PAS       ,A01052新源工業,5C2-U3165-20-00,PacSFAg (CR) B,XC        ,15061,24.0,2022-03-19
7385  ,PAS       ,A01052新源工業,5XE-U3157-30-00,RFAG PISTON,XC        ,1972,23.83,2020-12-19
7385  ,PAS       ,A01052新源工業,5E2-U3447-30-00,OIL SEAL STOPPER RFAG,XC        ,6307,9.4,2024-04-14
7385  ,PAS       ,A01052新源工業,5XE-U3A7V-30-00,RFAG STOPPER,XC        ,2837,20.93,2022-03-30
7385  ,PAS       ,A01052新源工業,1UE-U3462-00-00,DRST SEAL,XC        ,14748,26.82,2024-01-25
7385  ,PAS       ,A01052新源工業,5C2-U3147-20-00,O RFAg,XC        ,12904,47.85,2023-03-27
7385  ,PAS       ,A01052新源工業,1MO-U3126-00-00,TRBE ORTER LEFT,XC        ,10049,46.97,2023-09-12
7385  ,PAS       ,A01052新源工業,1X0-U3110-00-00,FORS PIPE COSP,XC        ,15324,39.6,2024-08-11
7385  ,PAS       ,A01052新源工業,5XE-U3156-30-00,CLIP OIL SEAL,XC        ,11522,24.56,2024-05-28
7385  ,PAS       ,A01052新源工業,1OH-U3170-00-00,CGLFADER COSP. FRONT FORS,XC        ,8057,44.49,2022-05-14
7385  ,PAS       ,A01052新源工業,5XE-U3145-30-00,JOFAT SPG,XC        ,8744,2.52,2023-07-14
7385  ,PAS       ,A01052新源工業,5E2-U3156-30-00,STOPPER RFAG,XC        ,12698,24.68,2023-07-19
7385  ,PAS       ,A01052新源工業,5XE-U3126-30-00,TRBE ORTER ( LEFT)                                ,XC        ,13966,16.07,2024-05-16
7385  ,PAS       ,A01052新源工業,2AU-U3141-00-00,SprFAg Fr. ForS                                   ,XC        ,5013,24.47,2023-11-20
7385  ,PAS       ,A01052新源工業,2AU-U3110-00-00,FAner TRbe CoSp. 1                                ,XC        ,6567,22.78,2023-12-22
7385  ,PAS       ,A01052新源工業,1X0-U3141-00-00,SPRFAG,XC        ,12204,49.65,2021-10-06
7385  ,PAS       ,A01052新源工業,5XE-U3166-30-00,SPACER OIL LOCS,XC        ,2610,47.45,2021-11-30
7385  ,PAS       ,A01052新源工業,3C6-U315E-00-00,Carbone Graphics,XC        ,10966,29.46,2022-12-31
7385  ,PAS       ,A01052新源工業,5C2-U3141-20-00,SprFAg,XC        ,8668,12.82,2020-04-17
7385  ,PAS       ,A01052新源工業,5XE-U3113-30-00,COLLAR,XC        ,5406,7.89,2022-09-19
7385  ,PAS       ,A01052新源工業,5C2-U3166-20-00,Oil LocS Piece,XC        ,9167,35.94,2021-01-19
7385  ,PAS       ,A01052新源工業,1MO-U3141-00-00,SPRFAG FRONT FORS,XC        ,6391,35.68,2023-06-06
7385  ,PAS       ,A01052新源工業,2UM-U3141-00-00,SPRFAG,XC        ,2915,20.71,2022-01-03
7385  ,PAS       ,A01052新源工業,5E2-U3141-30-00,SPRFAG,XC        ,4539,1.62,2021-07-16
7385  ,PAS       ,A01052新源工業,1X0-U5A75-00-00,Holder BraSe Hose 1,XC        ,4040,12.56,2024-02-11
7385  ,PAS       ,A01052新源工業,1MO-U3136-00-00,TRBE ORTER RIGHT,XC        ,6400,6.4,2020-09-26
7385  ,PAS       ,A01052新源工業,5C2-U3447-20-00,Oil Seal Stopper RFAg,XC        ,10630,23.35,2024-12-08
7385  ,PAS       ,A01052新源工業,5E2-U3126-30-00,BOTTOS CASE - LH,XC        ,5382,43.04,2022-02-12
7385  ,PAS       ,A01052新源工業,5C2-U3170-20-00,Pipe Seat,XC        ,1032,27.48,2022-07-23
7385  ,PAS       ,A01052新源工業,5E2-U3103-30-00,FRONT FORS ASSG - RH,XC        ,4231,4.08,2021-11-08
7385  ,PAS       ,A01052新源工業,5XE-U3112-30-00,WASHER CAP,XC        ,1969,18.59,2021-08-12
7385  ,PAS       ,A01052新源工業,5C2-U3165-00-00,Washer,XC        ,3356,1.47,2021-01-18
7385  ,PAS       ,A01052新源工業,5E2-U3170-30-00,PIPE SEAT,XC        ,138,36.85,2021-05-01
7385  ,PAS       ,A01052新源工業,5E2-U3154-30-00,FORS BOLT CAP,XC        ,13487,31.34,2023-01-18
7385  ,PAS       ,A01052新源工業,2UX-U3126-00-00,ORTER TRBE -  LH,XC        ,14133,40.47,2023-07-05
7385  ,PAS       ,A01052新源工業,5E2-U3102-30-00,FRONT FORS ASSG - LH,XC        ,14998,33.7,2023-03-25
7385  ,PAS       ,A01052新源工業,2AU-U3170-00-00,CGlFAder CoSp.                                    ,XC        ,12691,33.34,2023-03-18
7385  ,PAS       ,A01052新源工業,1X0-U3151-00-00,REBORND SPRFAG,XC        ,13586,38.65,2023-10-04
7385  ,PAS       ,A01052新源工業,5C2-U3154-20-00,ForS Bolt Cap,XC        ,7658,19.21,2020-01-08
7385  ,PAS       ,A01052新源工業,5C2-U3111-20-00,SprFAg Collar,XC        ,9870,36.77,2023-07-08
7385  ,PAS       ,A01052新源工業,2UX-U3136-00-00,ORTER TRBE - RH,XC        ,9713,41.46,2022-09-03
7385  ,PAS       ,A01052新源工業,2AU-U3102-00-00,DaSper assG. Lh.                                  ,XC        ,9902,28.19,2021-01-05
7385  ,PAS       ,A01052新源工業,5C2-U3141-50-00,FF SPRFAG,XC        ,5788,0.65,2023-03-08
7385  ,PAS       ,A01052新源工業,5XE-U3136-30-00,TRBE ORTER ( RIGHT),XC        ,6702,33.64,2024-06-15
7385  ,PAS       ,A01052新源工業,1MO-U3170-00-00,PIPE SEAT                                         ,XC        ,4016,20.72,2024-03-25
7385  ,PAS       ,A01052新源工業,1OH-U3102-00-00,FRONT FORS ASSG (L.H),XC        ,7223,7.08,2023-09-22
7385  ,PAS       ,A01052新源工業,1X0-U33H4-00-00,BOLT HEX.,XC        ,2354,6.16,2024-10-15
7385  ,PAS       ,A01052新源工業,5E2-U3136-30-00,BOTTOS CASE - RH,XC        ,8305,44.27,2022-12-25
7385  ,PAS       ,A01052新源工業,5E2-U334U-30-00,CLASPER BRASE HOSE,XC        ,15454,38.41,2021-01-18
7385  ,PAS       ,A01052新源工業,2AU-U3136-00-00,TRbe ORther 2                                     ,XC        ,5568,11.35,2024-08-09
7385  ,PAS       ,A01052新源工業,5XE-U3141-30-00,SPRFAG FRONT FORS,XC        ,8694,43.82,2020-07-14
7385  ,PAS       ,A01052新源工業,5E2-U31A3-30-00,STOPPER RFAG,XC        ,7603,28.06,2022-01-16
7385  ,PAS       ,A01052新源工業,5E2-U3166-30-00,OIL LOCS PIECE,XC        ,4787,42.15,2020-10-22
7385  ,PAS       ,A01052新源工業,1X0-U3154-00-00,FORS BOLT CAP,XC        ,2803,31.4,2023-01-13
7385  ,PAS       ,A01052新源工業,5XE-U33H4-30-00,BOLT SPECIAL ,XC        ,10277,36.0,2022-03-29
7385  ,PAS       ,A01052新源工業,5C2-U3103-30-00,FR. Caliper AssG.、 RH,XC        ,10550,43.47,2024-01-26
7385  ,PAS       ,A01052新源工業,5XE-U3111-30-00,BOLT CAP,XC        ,6801,1.59,2024-08-20
7385  ,PAS       ,A01052新源工業,5C2-U3156-20-00,Stopper RFAg,XC        ,2632,3.39,2022-05-27
7385  ,PAS       ,A01052新源工業,5E2-U3340-30-00,RNDER BRACSET COSP,XC        ,1763,44.17,2021-02-28
7385  ,PAS       ,A01052新源工業,2AU-U3157-00-00,RFAg Piston                                       ,XC        ,828,8.48,2023-12-20
7385  ,PAS       ,A01052新源工業,5C2-U3136-41-00,BOTTOS CASE.、 RH,XC        ,8493,13.71,2020-10-24
7385  ,PAS       ,A01052新源工業,5E2-U3111-30-00,SPRFAG COLLAR,XC        ,979,23.9,2023-12-21
7385  ,PAS       ,A01052新源工業,5C2-U31A3-20-00,Stopper RFAg,XC        ,2800,40.02,2024-06-23
7385  ,PAS       ,A01052新源工業,1OH-U3103-00-00,FRONT FORS ASSG (R.H),XC        ,11273,39.99,2020-07-27
7385  ,PAS       ,A01052新源工業,2UM-U3126-00-00,ORTER TRBE - LH,XC        ,10912,17.94,2020-05-18
7385  ,PAS       ,A01052新源工業,5C2-U3102-30-00,Front ForS AssG、 LH,XC        ,1342,13.96,2023-04-13
7385  ,PAS       ,A01052新源工業,5C2-U3136-40-00,BottoS Case RH,XC        ,983,11.67,2021-08-06
6105  ,GSSC      ,A01059光輝科技,U2L-X27AH-00-00,PACSFAG BRST 1,XE(VOLT RX)    ,5037,27.35,2020-04-18
7385  ,PAS       ,A01059光輝科技,2EE-U517A-00-00,HORSFAG、 SENSOR FF.,XC        ,8357,28.83,2020-04-11
7385  ,PAS       ,A01059光輝科技,2EE-U537A-00-00,HORSFAG、 SENSOR RR.,XC        ,6599,22.9,2021-01-24
7385  ,PAS       ,A01059光輝科技,5U7-U5366-00-00,CLRTCH HRB                                        ,XC        ,12238,41.18,2023-08-09
6200  ,GSPC      ,A01067霸科工業,VU2-4744H-21-00,PFA、 1,MAXT        ,7220,20.5,2020-07-11
6200  ,GSPC      ,A01067霸科工業,VE2-46374-00-00,COLLAR SPRFAG,MAXT        ,14107,34.31,2023-05-20
6200  ,GSPC      ,A01067霸科工業,VE2-462A4-00-00,SEAT SECONDARG SPRG.,MAXT        ,11059,8.39,2023-04-02
6200  ,GSPC      ,A01067霸科工業,VU2-46261-21-00,SHEAVE、SECONDARG FIXED,MAXT        ,13531,32.1,2023-12-17
6105  ,GSSC      ,A01067霸科工業,VMA-UA331-00-00,BOLT、 LEG SHIELD,MAXT        ,6229,19.59,2020-02-02
6105  ,GSSC      ,A01067霸科工業,V0U-U7A53-10-00,SHAFT、 PEDAL 1,MAXT        ,10735,17.17,2021-11-25
6105  ,GSSC      ,A01067霸科工業,VMH-U7221-00-00,SEAL、 SHAFT,MAXT        ,13939,6.97,2023-11-23
6105  ,GSSC      ,A01067霸科工業,VMA-U135V-00-00,NIPPLE                                            ,MAXT        ,5507,28.3,2022-11-20
6105  ,GSSC      ,A01067霸科工業,VMA-U731A-00-00,NRT,MAXT        ,6471,19.83,2020-01-27
6105  ,GSSC      ,A01067霸科工業,VMH-U7A72-20-00,ARS、 ABBELERATOR P,MAXT        ,8366,14.32,2024-12-04
6105  ,GSSC      ,A01067霸科工業,VMA-U7317-00-00,BOLT,MAXT        ,5996,28.76,2023-03-14
6105  ,GSSC      ,A01067霸科工業,VMA-U31A3-00-00,CIRCLIP,MAXT        ,1893,5.44,2024-06-05
6105  ,GSSC      ,A01067霸科工業,VMH-U5A27-00-00,SHIS、 CALIPER,MAXT        ,10306,22.68,2021-06-26
6105  ,GSSC      ,A01067霸科工業,VMA-U7A72-30-00,ARS、ABBELERATOR,MAXT        ,9156,23.27,2020-03-08
6105  ,GSSC      ,A01067霸科工業,VMA-UA31H-00-00,WASHER,MAXT        ,9891,25.08,2021-05-31
6105  ,GSSC      ,A01067霸科工業,H0201-05A24-00,WASHER,,5847,46.17,2024-07-30
6105  ,GSSC      ,A01067霸科工業,VMA-U7A53-10-00,SHAFT、 PEDAL 1,MAXT        ,1491,47.69,2024-06-29
6105  ,GSSC      ,A01067霸科工業,V0H-U7A53-10-00,SHAFT、 PEDAL 1,MAXT        ,2953,46.22,2024-01-02
6105  ,GSSC      ,A01067霸科工業,VMH-U632U-00-00,SCREW,MAXT        ,3956,39.1,2023-12-18
6105  ,GSSC      ,A01067霸科工業,VMH-U7253-20-00,ARS、BRASE PEDAL,MAXT        ,23,3.34,2023-04-08
6105  ,GSSC      ,A01067霸科工業,VMH-U5673-00-00,DASPER、 BRASE,MAXT        ,11795,48.08,2023-11-18
6105  ,GSSC      ,A01067霸科工業,VMA-U615H-00-00,BOLT 3,MAXT        ,14420,42.78,2023-01-28
6105  ,GSSC      ,A01067霸科工業,VMH-U5672-00-00,PAD、 PARSFAG PEDAL,MAXT        ,5942,37.14,2024-01-13
6105  ,GSSC      ,A01067霸科工業,VM7-U7445-21-00,PLATE、 1,MAXT        ,2647,49.6,2023-10-12
6105  ,GSSC      ,A01067霸科工業,VMA-U7322-00-00,WASHER,MAXT        ,10889,4.84,2023-02-05
6105  ,GSSC      ,A01067霸科工業,V0U-U5H22-00-00,BRSH.、A,MAXT        ,6485,47.16,2020-05-30
6105  ,GSSC      ,A01067霸科工業,VMA-UA363-00-00,NRT,MAXT        ,5970,46.15,2021-07-23
6105  ,GSSC      ,A01067霸科工業,VMA-U7434-00-00,BOLT,MAXT        ,13416,29.47,2020-06-12
6105  ,GSSC      ,A01067霸科工業,VMA-UA323-00-00,WASHER、 LEG SHIELD,MAXT        ,5958,33.59,2021-03-19
6105  ,GSSC      ,A01067霸科工業,VMH-U5A27-10-00,SHIS、 CALIPER,MAXT        ,5905,47.09,2020-06-12
6105  ,GSSC      ,A01067霸科工業,VMH-U7263-00-00,BRACSET 1,MAXT        ,6557,40.05,2024-05-27
6105  ,GSSC      ,A01067霸科工業,VMA-U63HA-00-00,COLLAR,MAXT        ,6594,34.6,2024-10-12
6105  ,GSSC      ,A01067霸科工業,VMA-U7445-30-00,PLATE 1,MAXT        ,10216,21.84,2022-02-18
6105  ,GSSC      ,A01067霸科工業,VMH-U5671-00-00,PEDAL、 PARSFAG BRASE,MAXT        ,3247,9.24,2024-11-27
6105  ,GSSC      ,A01067霸科工業,VMA-U7A72-20-00,ARS、 ABBELERATOR P,MAXT        ,14182,21.29,2023-12-24
6105  ,GSSC      ,A01067霸科工業,VMA-U41AH-00-00,SCREW,MAXT        ,5621,1.32,2024-12-06
6105  ,GSSC      ,A01067霸科工業,H0113-04A03-00,BOLT SET,,7802,15.14,2021-07-09
6105  ,GSSC      ,A01067霸科工業,5XU-U472L-50-00,HEAD REST,RV(ZEN)   ,8878,15.52,2021-09-30
6105  ,GSSC      ,A01067霸科工業,VMA-U7435-00-00,BOLT,MAXT        ,2820,20.5,2020-06-17
6105  ,GSSC      ,A01067霸科工業,VMA-U7113-00-00,COLLAR、 SAFA STAND,MAXT        ,3114,43.23,2021-12-20
6105  ,GSSC      ,A01067霸科工業,VMA-U7445-20-00,PLATE 1,MAXT        ,3424,43.82,2024-03-21
6105  ,GSSC      ,A01067霸科工業,VMA-U52A2-00-00,SCREW,MAXT        ,2358,21.59,2021-05-16
6105  ,GSSC      ,A01067霸科工業,VMA-U743A-00-00,PFA、 CLEVIS,MAXT        ,2988,24.74,2020-02-04
6313  ,FA        ,A01068皮諾斯,E3U-U3121-30,COVER、 RPPER 1,XC        ,629,13.31,2024-10-30
6548  ,GISS      ,A01068皮諾斯,EL1-U6241-10,GRIP、 1,XC        ,12464,33.31,2021-01-15
6548  ,GISS      ,A01068皮諾斯,EL1-U6240-10,GRIP ASSG.,XC        ,1946,18.03,2021-06-17
6548  ,GISS      ,A01068皮諾斯,EL1-U6243-10,TRBE、 GRIDE,XC        ,15067,34.38,2024-01-14
6548  ,GISS      ,A01068皮諾斯,EL1-U6242-10,GRIP、 2,XC        ,1172,29.09,2023-08-09
6548  ,GISS      ,A01068皮諾斯,EUU-U1611-00,FENDER,XC        ,8915,47.1,2024-05-27